"Date","Average_Temperature","Minimum_Temperature","Maximum_Temperature","Precipitation","Wind_Direction","Wind_Speed","Air_Pressure"
"2022-01-01",21.2,17,27.9,0,107,3.5,1019.4
"2022-01-02",21.3,16,27.2,0,95,2.9,1018.1
"2022-01-03",21.4,14,28,0,78,3,1017.1
"2022-01-04",21.7,14,28.5,0,72,3.3,1016.6
"2022-01-05",22.4,16,28.7,0,146,4.3,1016.8
"2022-01-06",22.1,16,28.6,0,132,4.9,1015.6
"2022-01-07",21.8,17,28,0,133,4.3,1015.9
"2022-01-08",22.4,18,28,0,145,5,1016
"2022-01-09",23,18,28.8,0,150,5.4,1014.2
"2022-01-10",23.9,19,28.6,0,157,5.3,1013.8
"2022-01-11",24,19,29.6,0,153,5.4,1013.6
"2022-01-12",22.9,19,30,0,117,4.7,1013.4
"2022-01-13",21.4,19,30.6,0,110,6.1,1013.4
"2022-01-14",23.4,19,29.2,0,139,5.4,1013
"2022-01-15",23.2,19,30.2,0,98,4.3,1014.6
"2022-01-16",19.4,17,29.9,2,83,3.4,1017.1
"2022-01-17",22.2,18.3,26.4,0,117,4.4,1018
"2022-01-18",22,18,28.6,0,37,1.9,1016.9
"2022-01-19",21.5,14,30,0,1,1.7,1014.9
"2022-01-20",22.2,14,31.8,0,3,2,1012.4
"2022-01-21",23.7,16.3,32.2,0,325,3,1011.7
"2022-01-22",23.7,15,33,0,287,3.7,1010.3
"2022-01-23",23.2,18,33.5,0,308,4.3,1010.3
"2022-01-24",21.4,16,30.8,0,337,3.1,1011.5
"2022-01-25",21.1,15,28.7,0,30,2.4,1012.4
"2022-01-26",21.6,15,28.8,0,64,2.9,1013.3
"2022-01-27",21.4,16,29.7,0,66,4.6,1014.7
"2022-01-28",20.9,13,28,0,55,2.9,1016.1
"2022-01-29",20.6,11,28.9,0,29,2,1017
"2022-01-30",21,11,31.2,0,349,2.4,1015.2
"2022-01-31",22.1,14.6,32,0,345,1.8,1013.2
"2022-02-01",24.4,13,33,0,356,2.3,1012.6
"2022-02-02",25.3,14,33.4,0,103,3.3,1012.8
"2022-02-03",25.3,17,33.4,0,177,3.7,1011.1
"2022-02-04",21.9,18,32.8,0,318,3.9,1011.2
"2022-02-05",21.7,11,29.8,0,21,1.8,1013.1
"2022-02-06",22.9,13,30.4,0,94,3,1015.5
"2022-02-07",23.8,16,31.2,0,121,3.3,1015.1
"2022-02-08",24.9,18,31.7,0,144,3.3,1013.9
"2022-02-09",23.3,18,32.2,0,133,5.4,1014
"2022-02-10",23.9,19,30,0,128,4.1,1014.1
"2022-02-11",23.1,18,30.8,0,78,4.2,1014.6
"2022-02-12",22.8,15,29.8,0,86,3.3,1014.4
"2022-02-13",23.2,13,30.6,0,92,2.7,1013.1
"2022-02-14",23.7,15,30.5,0,133,3,1012.6
"2022-02-15",23.9,18,31.2,0,128,4,1012.2
"2022-02-16",24.2,18,31.6,0,142,4.9,1010.2
"2022-02-17",24.5,17,31.8,0,123,5.4,1009.5
"2022-02-18",24.1,19,32.4,0,115,5.2,1011.6
"2022-02-19",25.3,18,31.8,0,140,5,1013.2
"2022-02-20",25.6,17,34,0,302,3.9,1011.4
"2022-02-21",25.8,17,34.4,0,355,3.5,1010.6
"2022-02-22",25.3,15,34.2,0,103,2.8,1012.6
"2022-02-23",25.2,16,35,0,117,5,1015.3
"2022-02-24",26.1,16,33,0,144,6,1014.9
"2022-02-25",26.6,18.6,33.5,0,130,4.4,1014.6
"2022-02-26",25.1,19,33.8,0,133,7,1015.7
"2022-02-27",25.4,19,32.4,0,136,5.8,1015.7
"2022-02-28",26,18,34,0,121,4.3,1015.1
"2022-03-01",27.4,17,34,0,116,3.6,1014.9
"2022-03-02",26.3,16,34.2,0,116,4.1,1014.6
"2022-03-03",26.9,17,33.6,0,119,3.7,1014.4
"2022-03-04",26.9,18,34,0,117,4.5,1014.1
"2022-03-05",26.8,18,33.4,0,103,3.5,1013.3
"2022-03-06",26.6,20,33.8,0,108,4.1,1013.2
"2022-03-07",26.9,19,32.7,0,120,4.4,1013.4
"2022-03-08",26.9,19,33.4,0,98,3.1,1012.8
"2022-03-09",27.9,18,34.6,0,60,3.4,1011.8
"2022-03-10",27.7,19,35.5,0,94,2.9,1012.1
"2022-03-11",27.4,22,34.2,0,43,2.9,1012
"2022-03-12",27.7,21,34.9,0,17,3.1,1011.5
"2022-03-13",27.9,20,34.6,0,37,2.7,1011.7
"2022-03-14",27.5,19,36.6,0,11,2.6,1012
"2022-03-15",28.4,16,36.7,0,41,3.1,1010.3
"2022-03-16",28.4,19,37.6,0,19,3,1008.7
"2022-03-17",29,19,39,0,8,2.8,1007.7
"2022-03-18",30.4,22,39.6,0,124,3.7,1007.1
"2022-03-19",28.6,21,39.2,0,136,3.7,1007
"2022-03-20",28.7,24,36.6,0,222,3.7,1006.7
"2022-03-21",30.7,23,37.4,0,15,3,1007.3
"2022-03-22",29.8,22,38.3,0,77,3.3,1008.3
"2022-03-23",29.9,23,37.4,0,104,4.6,1008.2
"2022-03-24",29.4,24,37.8,0,128,4.5,1008.2
"2022-03-25",29.6,23,37.6,0,132,4.2,1009.2
"2022-03-26",30.5,22,37.8,0,142,4.6,1010.9
"2022-03-27",30.9,24,38.8,0,129,3.2,1011
"2022-03-28",30.8,23,38.2,0,74,2.9,1010.1
"2022-03-29",31.3,23,39,0,15,3,1008.8
"2022-03-30",31.9,25,40,0,13,2.9,1008.6
"2022-03-31",31.9,24,40.4,0,80,3.7,1008.9
"2022-04-01",30.4,24,40.8,0,112,4,1009.1
"2022-04-02",30.1,23,38.7,0,121,4.6,1010.5
"2022-04-03",30.8,24,38.2,0,127,4.5,1009.9
"2022-04-04",31.3,24,38.6,0,135,4.7,1010.3
"2022-04-05",30.3,24,38.4,0,127,5.7,1012.3
"2022-04-06",31.2,25,37.7,0,122,3.4,1012.1
"2022-04-07",30.9,25,39,0,119,4,1011.1
"2022-04-08",30.8,24,39,0,117,4.5,1010.6
"2022-04-09",29.7,23,38.4,0,124,3.9,1010.1
"2022-04-10",31.2,25,37.2,0,138,4.1,1009.2
"2022-04-11",31.2,25,38.2,0,120,3.2,1008.7
"2022-04-12",31.4,25,38.2,0,115,3.6,1008
"2022-04-13",31.5,24,38.7,0,124,4.2,1007.5
"2022-04-14",31.8,25,38.2,0,128,4.2,1007.4
"2022-04-15",31.1,26,39.3,0,249,3.1,1006.9
"2022-04-16",31.6,27,38.9,0,283,3.3,1006.1
"2022-04-17",31.8,26,39.2,0,222,4.4,1006.9
"2022-04-18",31.4,27,39.6,0,270,3.3,1008.9
"2022-04-19",32.5,25.7,40.6,0,293,3.5,1009.8
"2022-04-20",33.7,26,41.4,0,341,2.9,1008.2
"2022-04-21",31.1,25,41.4,0,141,4.8,1007.6
"2022-04-22",28.7,24,40.2,0,105,3.1,1009.8
"2022-04-23",30.5,24,37.2,0,99,2.6,1010
"2022-04-24",31.3,26,39.2,0,334,4.1,1009
"2022-04-25",32.8,24,40,0,37,2.7,1007.4
"2022-04-26",32.7,27,40,0,357,2.9,1008.3
"2022-04-27",33.7,26,40.4,0,107,3.2,1007.6
"2022-04-28",31.6,26,40.8,0,177,3.3,1008.4
"2022-04-29",32,24,41.2,0,327,3.5,1008.2
"2022-04-30",30.9,25,41.7,0,317,3.3,1006
"2022-05-01",32.8,24,41.7,0,329,2.9,1003.5
"2022-05-02",32.8,28,41.5,0,5,5.6,1004.9
"2022-05-03",32.5,27,40.9,0,127,3.8,1005.6
"2022-05-04",25.6,18.9,39.4,63,99,4.4,1008.7
"2022-05-05",30.2,24,37.6,3,26,2.8,1008.1
"2022-05-06",32.3,26.1,40,0,353,4.2,1006.5
"2022-05-07",32.4,26,40,0,49,3.5,1005.7
"2022-05-08",32.6,28,39.7,0,77,3.3,1004.3
"2022-05-09",32.3,26.8,40,0,49,3.1,1002.5
"2022-05-10",31.9,26,40,0,59,4.3,1001.2
"2022-05-11",27.6,26,38.6,0,31,3.5,1002.3
"2022-05-12",27.8,25,33.4,0.3,81,4.5,1004
"2022-05-13",31.3,25,38,0,26,3.5,1003.9
"2022-05-14",32.1,25,40.2,0,315,4.8,1004.1
"2022-05-15",32.7,26.6,40.2,0,196,3.3,1004.6
"2022-05-16",30.3,22.4,39.8,7.1,95,4.4,1005.1
"2022-05-17",30.6,26,36.8,0,99,2.9,1004.3
"2022-05-18",30.1,27,36.8,0,114,4.7,1005
"2022-05-19",28.8,25,35.8,0,126,5.8,1005.2
"2022-05-20",27.3,24,36.2,0,203,6,1005.6
"2022-05-21",27.6,24,36.2,0,274,7.9,1005
"2022-05-22",29.6,23,37.5,0,275,10.7,1002.8
"2022-05-23",30.6,25,37.8,0,283,8.5,1002.9
"2022-05-24",31.7,26,39.2,0,284,8.5,1004.6
"2022-05-25",31.7,27,39.2,0,314,5.8,1006.3
"2022-05-26",30.3,27,39.4,0,285,7.4,1006.7
"2022-05-27",31.1,25,39.4,1,273,6.1,1006.2
"2022-05-28",31.3,25.5,39.2,0,280,9.6,1005.8
"2022-05-29",32.5,26.2,39.8,0,267,10,1005.4
"2022-05-30",32.2,28,39.8,0,277,9.5,1004.8
"2022-05-31",29.7,24,39.7,3.1,288,8.4,1004.7
"2022-06-01",30.6,24.6,39,0.3,287,8.5,1004.8
"2022-06-02",31.8,25.6,40,0,299,8.4,1004.2
"2022-06-03",31.8,25.9,40,0,288,11.1,1004.4
"2022-06-04",32.1,24,40,2,294,8.3,1004.1
"2022-06-05",32.2,26.4,41.9,0,292,6.2,1003.8
"2022-06-06",30.5,24,41.9,0.3,269,10.2,1005.1
"2022-06-07",32.3,26,40.8,0,286,9.9,1004.5
"2022-06-08",30.4,26,40.8,0.3,289,9.9,1004.7
"2022-06-09",30.7,24,38.8,0.2,288,8.9,1004.7
"2022-06-10",30.8,26,38.8,0,261,9.5,1005.5
"2022-06-11",31.8,24.8,37.3,0.1,263,12.9,1005.8
"2022-06-12",29.3,24,37.3,0.6,274,8.4,1006.7
"2022-06-13",29.9,24.4,37.8,4.3,279,8,1007.7
"2022-06-14",27.8,23,37.8,7.9,297,6,1007.1
"2022-06-15",26.7,23,36.6,0,261,6,1006.4
"2022-06-16",27.1,24,35.3,0.5,237,3.5,1006.5
"2022-06-17",28.6,25,35.8,0,272,3.6,1005.9
"2022-06-18",29.8,25,36,0.3,195,4.6,1006.3
"2022-06-19",26.1,23,36,0.5,287,4.1,1006.7
"2022-06-20",27.9,24,34.7,4.1,268,5.8,1005.4
"2022-06-21",25.9,21.5,34.7,47,279,5.7,1004.2
"2022-06-22",26.7,23,33.2,0.3,258,4.9,1005.5
"2022-06-23",27.8,23.8,34.4,0,237,4.5,1006.1
"2022-06-24",26.3,23,34.4,0.3,269,6.6,1005.3
"2022-06-25",26.1,23,32.8,9.5,279,7.8,1003.6
"2022-06-26",25.6,22.8,32.8,1,263,8.3,1004
"2022-06-27",24.1,21.8,30.6,5.1,262,7.6,1006.3
"2022-06-28",24.1,22,30.8,2,278,7.2,1006.5
"2022-06-29",26.4,23,32.2,11.9,278,5.2,1004
"2022-06-30",26.6,23,32.6,0,288,5.1,1003.5
"2022-07-01",26.9,23,33.2,1.7,289,7.8,1003.9
"2022-07-02",25.1,20.5,33.2,20.1,300,5.7,1003.2
"2022-07-03",25.7,22.8,33,0.5,284,5.8,1003.2
"2022-07-04",24.3,22,33,9.9,271,6,1003.4
"2022-07-05",25.1,22,32.2,10.9,279,7.5,1002
"2022-07-06",24.3,21.6,32.2,11.9,265,6.1,1002.8
"2022-07-07",25.2,23,30.2,0.3,273,8.8,1004.9
"2022-07-08",22.1,21,30.2,0.5,273,9,1005.1
"2022-07-09",21.4,21,25.7,41.9,279,10.7,1002.7
"2022-07-10",21.5,20,24.4,39.1,283,9.8,1003.1
"2022-07-11",22.3,21,26.2,16,279,9.9,1004.4
"2022-07-12",21.1,20,26.2,13,274,11.8,1004.2
"2022-07-13",21.1,20,23.9,25.9,269,15.1,1001.8
"2022-07-14",22.5,20,26.6,4.1,269,12.2,1000.5
"2022-07-15",24.4,22,29.2,0.5,266,10.4,1002.3
"2022-07-16",25.7,22,30.6,0,264,9.1,1004.1
"2022-07-17",23.9,22,31.2,8.7,295,6.9,1004.7
"2022-07-18",24,22,29.5,15,271,6.2,1005.6
"2022-07-19",25.8,22,31.4,0,265,5.8,1006.5
"2022-07-20",26.8,22,32.7,0.3,300,5.2,1006.5
"2022-07-21",25.7,23,32.7,0,293,5.2,1006.7
"2022-07-22",22.3,21,31,1,300,4.1,1007
"2022-07-23",23.4,20.8,27.6,85.1,292,6,1005.9
"2022-07-24",23.7,21,28.2,0,275,6.8,1006.3
"2022-07-25",24.8,21,30.5,2,289,5.2,1007.8
"2022-07-26",22.3,21,30.5,10.9,309,3.6,1009.2
"2022-07-27",25.4,21.9,30.5,7.1,9,2.5,1009
"2022-07-28",25.6,22,32.2,0.3,96,2.2,1009.9
"2022-07-29",24.6,19,32.7,1,60,2.1,1009.1
"2022-07-30",26.2,21,32.7,0,359,3.3,1007.7
"2022-07-31",26.7,22,32.9,4.7,345,3,1005.8
"2022-08-01",25.2,24,33.2,9,18,1.6,1005.9
"2022-08-02",25.6,24,31.8,10,4,2.8,1005.2
"2022-08-03",27.6,22.8,31.9,3,54,2.7,1004.3
"2022-08-04",25.6,23.6,31.9,0.3,63,3.5,1003.9
"2022-08-05",25.5,23,31.7,4.1,217,2.8,1003.6
"2022-08-06",24.7,22,31.7,2,269,6.9,1003.1
"2022-08-07",24.2,22,30,3,263,7.3,1002.1
"2022-08-08",22.9,21.4,28,8.9,270,9.5,1000.8
"2022-08-09",23.8,21.8,27.4,4.1,264,13,1000.6
"2022-08-10",24.8,22,29.5,2,259,15.9,1000.8
"2022-08-11",25.7,22.4,30.6,0,254,13.6,1002.7
"2022-08-12",26.1,22.8,30.8,0.5,265,12,1005.1
"2022-08-13",25.5,22.6,30.8,0,264,9.8,1005.8
"2022-08-14",24.3,23,29.2,5.3,263,11.4,1007
"2022-08-15",24.2,21,26.6,8.1,257,7.9,1007.6
"2022-08-16",27.5,22,32,0.4,259,6.6,1008.4
"2022-08-17",26.5,22,32.7,0,264,5.5,1008.9
"2022-08-18",25.1,22,32.7,0,297,4,1006.4
"2022-08-19",26.3,22.5,32.8,25.9,298,4.2,1005.1
"2022-08-20",26.3,22.5,30.6,1,288,5.1,1004.7
"2022-08-21",27.4,23.4,31.5,2,277,6.8,1003.4
"2022-08-22",25.3,22,31.5,0,273,8.1,1004.2
"2022-08-23",26.1,22,32,0,268,5.8,1006.3
"2022-08-24",26.1,22,32,0.4,295,5.8,1008.1
"2022-08-25",25.9,22,32.8,2.5,330,5.3,1007.6
"2022-08-26",26.3,23,33.4,0.7,343,4,1007.2
"2022-08-27",26.2,23,33.6,4.3,353,2.7,1006.8
"2022-08-28",27.1,22,33.6,1.2,336,5,1006.8
"2022-08-29",24.6,23,32.2,0,10,3.2,1008.4
"2022-08-30",25.7,21,32,2,83,4.1,1009
"2022-08-31",27.1,23,33.5,0,108,4,1008.2
"2022-09-01",27.4,24.9,33,12,104,4.1,1008
"2022-09-02",26.2,23,33,0.2,117,4.1,1009.5
"2022-09-03",28.3,24.2,34,2.4,108,3.2,1007.9
"2022-09-04",26.3,23,34,27.7,38,3.4,1007.9
"2022-09-05",25.7,23,32.1,7.8,34,3.2,1007.7
"2022-09-06",24,21,34,0,38,1.6,1007.6
"2022-09-07",24.4,21,33.5,15,76,2,1007.5
"2022-09-08",23.1,21,32.2,41.9,41,2,1007.2
"2022-09-09",23.8,21,30.6,35.1,39,2,1006.1
"2022-09-10",22.8,22,30.6,5.1,317,4.3,1005
"2022-09-11",22.3,21,28.2,11.9,288,6.2,1003.6
"2022-09-12",23.8,21,28.7,3,254,6.5,1002.7
"2022-09-13",24.2,22,28.7,10.9,242,6.2,1006.3
"2022-09-14",24.7,21.6,29.6,0,248,6.4,1009.4
"2022-09-15",24.5,21,29.6,0.3,255,6.7,1010
"2022-09-16",24.9,22,30,0,267,7.6,1008
"2022-09-17",25.2,21.5,30,0.2,278,5.4,1008.3
"2022-09-18",25.9,22,31.6,0,287,6.4,1009
"2022-09-19",24.2,22,32.2,2.2,285,6.5,1008.6
"2022-09-20",23.3,21,30.6,3,285,7.1,1007.9
"2022-09-21",24.6,21,30,0,309,6.1,1007.8
"2022-09-22",22.4,21,30,0,311,4.4,1009.2
"2022-09-23",24.3,21,30.7,4.1,327,4.6,1009.6
"2022-09-24",25.1,21,30.7,0,323,3.9,1009.2
"2022-09-25",26,22,32.5,0.1,343,2.9,1008.9
"2022-09-26",25.4,22,32.8,2.5,347,2.7,1009.5
"2022-09-27",23.7,20.2,32.2,35.1,353,2,1008.9
"2022-09-28",25.3,21.9,31.7,7.1,352,2.3,1007.4
"2022-09-29",24.2,22,31.7,3,355,2.5,1006.9
"2022-09-30",26,22.4,30.3,6.1,351,4,1007.2
"2022-10-01",25.6,23.3,30.4,0.5,334,4,1007.4
"2022-10-02",26.7,21.1,31.3,7.1,327,7.6,1007.4
"2022-10-03",27.2,21.6,31.2,0,333,7.5,1007.5
"2022-10-04",26.5,23.1,31.3,0,338,6.2,1007.5
"2022-10-05",25.9,23.6,30.2,3.2,343,5,1007.1
"2022-10-06",24.1,21.6,30.8,21.1,73,7.3,1006.6
"2022-10-07",25.7,20.6,28,10.9,161,6.3,1007.9
"2022-10-08",26.3,22,30,0,153,6.3,1010
"2022-10-09",26.2,21.2,31.2,35.1,108,7.5,1010.7
"2022-10-10",25.1,21.6,30.3,0.5,115,8,1011.5
"2022-10-11",26.2,22,29,2,124,8.3,1011.1
"2022-10-12",26.1,22,30.4,0,128,6.2,1011.4
"2022-10-13",26.3,19.6,30.6,69.1,94,5,1011.3
"2022-10-14",25.6,21,29.7,0,78,5,1010.9
"2022-10-15",24.8,21.3,28.4,2,33,6.2,1010
"2022-10-16",24.8,20.9,28,10.9,86,7.6,1012.1
"2022-10-17",26.7,23,30.2,0,104,7,1013.8
"2022-10-18",26,23,32,5.6,13,3.7,1012.5
"2022-10-19",26.7,20.9,32.6,0,55,4.3,1011.9
"2022-10-20",25.9,20.6,31.1,1.6,82,6,1013.3
"2022-10-21",25.6,22.6,30.6,0,77,6.1,1014.7
"2022-10-22",24.2,19.8,30.6,0,23,7.2,1015.8
"2022-10-23",23.8,16.3,29.2,0,3,6.6,1014.2
"2022-10-24",23.8,14.9,29.5,0,346,4.9,1011.9
"2022-10-25",23.2,15.4,29.8,0,343,4.1,1012.8
"2022-10-26",24.6,15.1,30.7,0,48,5.5,1014.7
"2022-10-27",24.7,18,30,0,20,3.9,1014.6
"2022-10-28",24.7,16.8,30.4,0,30,5.3,1013.9
"2022-10-29",24.5,18.8,30.4,0,47,7,1013.9
"2022-10-30",24,15.4,30.1,0,41,6.6,1014.1
"2022-10-31",23.9,15.6,30.2,0,18,5.3,1013.7
"2022-11-01",22.4,18.1,29.3,0.4,41,3.4,1014.8
"2022-11-02",23.4,19.8,27.6,0.4,31,5.6,1013.8
"2022-11-03",24.6,19,30,0.3,54,5.4,1013.3
"2022-11-04",25.6,20,30.7,0,57,4.8,1014.6
"2022-11-05",25,19.6,30.2,0,67,6.2,1016
"2022-11-06",24,16.1,30.5,0,59,4.2,1016.7
"2022-11-07",24.9,16.8,30.5,0,55,5.1,1015.8
"2022-11-08",24.8,16.5,31.4,0,44,5.2,1015.4
"2022-11-09",24.2,15.5,31.2,0,63,5.4,1015.2
"2022-11-10",24.6,17.5,29.6,0,52,6.2,1015.2
"2022-11-11",24.7,19,30,0,43,8.3,1015.2
"2022-11-12",25.2,19.1,30.4,0,51,8,1015.2
"2022-11-13",25.6,18.6,30.7,0,73,7.5,1014.7
"2022-11-14",24.8,17,30.6,0,74,5.6,1015.1
"2022-11-15",24.2,16.8,30.8,0,12,4.1,1015.4
"2022-11-16",22.9,13.7,30.9,0,19,4.3,1014.5
"2022-11-17",23.3,13.6,30.7,0,31,5.2,1014.2
"2022-11-18",23,14,30.6,0,34,6.8,1014.5
"2022-11-19",22.2,17,29.8,0,20,6.9,1014.6
"2022-11-20",22,14.2,28.3,0,14,5.7,1013.2
"2022-11-21",23.2,17,28.2,0,42,6.5,1012.2
"2022-11-22",25.4,20.5,29.6,0,43,5.9,1012.5
"2022-11-23",24.9,21.7,30.2,0,59,4.9,1013
"2022-11-24",24.6,20.7,29.6,1.5,83,6,1013.4
"2022-11-25",24.6,19,30,0,74,5.3,1013.8
"2022-11-26",23.5,17,31,0,36,3.9,1013.3
"2022-11-27",23.7,15,31.3,0,40,3.5,1011.3
"2022-11-28",23.2,15,30.9,0,45,4.2,1011.8
"2022-11-29",23,14.9,30.9,0,48,4.6,1013.5
"2022-11-30",21.9,13,30.6,0,60,3.3,1014.5
"2022-12-01",24.7,16.1,29.6,0,65,3.8,1013.8
"2022-12-02",25,18.4,30.3,0,96,5,1013.3
"2022-12-03",25.2,21.6,29.7,0.1,108,5.8,1013.6
"2022-12-04",25.6,21,30.2,0,81,5.2,1014.3
"2022-12-05",24.4,16.7,30.5,0,45,5.5,1015.2
"2022-12-06",23.8,14.9,30.6,0,35,5.9,1014.6
"2022-12-07",23.1,16.9,30.9,0,15,6.3,1014.2
"2022-12-08",21.5,15.6,28.8,0,7,6.4,1013.6
"2022-12-09",22.2,14.2,28.9,0,24,5,1012
"2022-12-10",23.5,19,28.2,2.6,38,7.6,1010.8
"2022-12-11",22.1,19.2,26.7,2,67,8.3,1012.1
"2022-12-12",22.9,19.6,26,5.1,96,8.7,1012.9
"2022-12-13",23.9,20.9,27.2,1,118,7.6,1013.9
"2022-12-14",24.8,20,28.2,1,88,6.1,1014.5
"2022-12-15",25.5,18.8,29.6,0,88,4.3,1013.5
"2022-12-16",26.3,18.6,31.1,0,66,4.3,1012.8
"2022-12-17",25.9,19,30.8,0,26,4.8,1013.5
"2022-12-18",24.1,17.6,31,0,35,5.7,1013.6
"2022-12-19",22.9,14.5,30.7,0,71,4.2,1013.1
"2022-12-20",22.4,15,29.4,0,57,4.9,1012.6
"2022-12-21",23.9,15,30.4,0,72,4.1,1013.1
"2022-12-22",23.3,16,30,0,59,3.9,1013.1
"2022-12-23",22.4,13,30.6,0,51,3.7,1012.8
"2022-12-24",24.5,16.6,31.8,0,121,5,1013.2
"2022-12-25",24.4,16,30.5,0,119,6.1,1014.3
"2022-12-26",24.3,21,29.8,0,132,7.1,1015.4
"2022-12-27",25.4,21,32.4,0,124,6.9,1016.1
"2022-12-28",26.7,21,32.6,0,82,3.4,1016.4
"2022-12-29",26.3,19,33.2,0,52,3.1,1017.6
"2022-12-30",25.2,19,32,0,43,2.3,1018.6
"2022-12-31",25.4,18,31.5,0,4,3,1017.4
"2023-01-01",26.3,19,32.4,0,103,4.6,1016.8
"2023-01-02",25.2,18,31.7,0,118,5.8,1017.1
"2023-01-03",24.6,20,30.2,0,112,5.8,1017.3
"2023-01-04",24.4,20,29.3,0,119,7.5,1016.6
"2023-01-05",23.4,19.9,28.8,0.7,114,7.8,1017.8
"2023-01-06",22.7,20,27.4,0.2,75,5.4,1019.4
"2023-01-07",22.1,17.6,29,0,46,6.5,1018.8
"2023-01-08",20.6,11,28.7,0,30,5.4,1017.9
"2023-01-09",19.4,10,29.4,0,42,3.3,1018.7
"2023-01-10",22.1,10,29.7,0,39,3.7,1017.9
"2023-01-11",23.1,12,30.6,0,25,2.3,1015.8
"2023-01-12",22.2,13,31,0,220,3.5,1014.1
"2023-01-13",24.3,14,31.1,0,94,3.9,1014.2
"2023-01-14",24.9,15,31.3,0,151,4.7,1014.1
"2023-01-15",25,16,31.8,0,103,4.7,1013.4
"2023-01-16",25,15,31.2,0,132,6.4,1013.9
"2023-01-17",24.7,15,32.1,0,129,6.7,1014.4
"2023-01-18",24.8,16,31.4,0,123,6.8,1015.9
"2023-01-19",24.1,18.4,30.4,1,102,6.5,1016.6
"2023-01-20",23.3,15,29.2,0,118,6.1,1015.7
"2023-01-21",24.2,17,29.4,0,108,5.4,1015.9
"2023-01-22",23.9,14,29.7,0,125,6.3,1014.8
"2023-01-23",23.1,16,29.4,0,103,7.2,1014.3
"2023-01-24",23.7,19,29.4,0,120,9,1014.1
"2023-01-25",24.2,19.2,30,0,121,7.8,1013.9
"2023-01-26",23.5,17,29.6,0,112,8,1014.1
"2023-01-27",23.7,15,30.2,0,98,6.5,1014.8
"2023-01-28",23.3,14,30,0,120,5.4,1013.9
"2023-01-29",24.8,15,30.6,0,111,7.3,1012.7
"2023-01-30",24.1,20,29.8,0,119,7.7,1014.3
"2023-01-31",24.6,20,29.6,0,84,5,1014
"2023-02-01",24.9,20,30.4,0,52,7.6,1014.1
"2023-02-02",24.4,18.8,29.9,0,54,9.1,1014.8
"2023-02-03",22.6,13,31,0,29,4.2,1014.4
"2023-02-04",25.4,16.1,31.8,0,51,3.8,1013.6
"2023-02-05",25.7,15,32.4,0,55,3.9,1013.3
"2023-02-06",25.8,15,32.7,0,102,5.5,1012.9
"2023-02-07",26.7,18,32.6,0,129,5.5,1012.1
"2023-02-08",26,19,33.2,0,78,4,1012.7
"2023-02-09",26.7,18,33.9,0,40,4.4,1013.8
"2023-02-10",26.3,16,34.2,0,41,4.1,1014.8
"2023-02-11",25.2,16,34.8,0,23,3.6,1015
"2023-02-12",27.7,17.9,35.4,0,5,4.9,1015.5
"2023-02-13",24.9,17,35.6,0,22,6.4,1016.4
"2023-02-14",24.7,14,32.8,0,5,4.7,1015.8
"2023-02-15",24.1,13,33.4,0,6,5.1,1014.1
"2023-02-16",26.2,14,34.2,0,26,4.9,1014.2
"2023-02-17",25.8,16,34.2,0,15,3.7,1014.4
"2023-02-18",26.7,17,33.6,0,78,4.9,1014.4
"2023-02-19",26.4,18,33.5,0,96,5.4,1014.6
"2023-02-20",25.8,18,32.4,0,50,2.7,1014.4
"2023-02-21",26.3,18,35.2,0,9,4.7,1014.6
"2023-02-22",28,17,35.8,0,60,4,1013.7
"2023-02-23",28.2,17,35.9,0,78,4.8,1013.7
"2023-02-24",28.2,18.9,35.4,0,79,4.9,1014.7
"2023-02-25",28.2,17,35,0,42,5,1016.1
"2023-02-26",27.8,17,35.6,0,117,6.3,1017.2
"2023-02-27",27.3,17,34.1,0,114,6.7,1017.5
"2023-02-28",27.5,17,33.9,0,109,6.5,1017.6
"2023-03-01",26.6,17,33.2,0,105,6.4,1018
"2023-03-02",27.3,20,32.6,0,107,5.4,1018.2
"2023-03-03",29.6,18,34.2,0,120,5.4,1018.8
"2023-03-04",27.7,19,34.2,0,97,5,1018.5
"2023-03-05",27.8,19.5,34,0,112,4.3,1018.1
"2023-03-06",28.4,18,34.6,0,102,4.8,1016
"2023-03-07",25.3,20.7,34.7,0,2,8.4,1017.1
"2023-03-08",26.2,18,33.4,0,74,5.2,1016.2
"2023-03-09",27.4,19,33.9,0,92,6.4,1015.3
"2023-03-10",27.9,19,33,0,100,5.6,1014.6
"2023-03-11",27.4,21,34.2,0,100,7.7,1015
"2023-03-12",27.2,20,33,0,109,7.3,1014.6
"2023-03-13",27,19,34,0,114,5.7,1013.5
"2023-03-14",28.3,18,34.6,0,87,6.2,1011.4
"2023-03-15",27.6,20,34.7,0,101,6.6,1010
"2023-03-16",23.3,19,33.6,1.9,81,5.8,1010.8
"2023-03-17",22.8,19.9,30.7,32,104,7.9,1013.1
"2023-03-18",23.8,19,29,1,113,5.7,1011.5
"2023-03-19",24.5,18,29.9,19.1,102,5.1,1010
"2023-03-20",26.9,20.8,31.6,0,160,5.4,1008.6
"2023-03-21",26.3,20,32.2,0,56,4.4,1009.4
"2023-03-22",27,19,33.4,0,274,5.7,1009.6
"2023-03-23",28.7,21.5,34.4,0,353,6.7,1009.7
"2023-03-24",29.3,22.7,34.6,0,105,6,1010.3
"2023-03-25",28.9,23.6,34.4,0.2,127,7.3,1011.1
"2023-03-26",29,23.2,34.2,0,110,6.4,1010.3
"2023-03-27",29.1,24.2,35.4,0,323,6.3,1009.6
"2023-03-28",30.6,24,36,0,127,6.2,1009.8
"2023-03-29",29.8,24,36.4,0,142,7.4,1010.5
"2023-03-30",31.9,24.7,37,0,160,6.7,1009.3
"2023-03-31",30.2,25,37.4,0,330,5.7,1008.8
"2023-04-01",29.5,23.6,36.2,0,14,6,1009.1
"2023-04-02",30.6,23.5,35.7,0,83,5.5,1009.2
"2023-04-03",30,25,36.2,0,145,7.9,1008.9
"2023-04-04",31.1,25,36.9,0,127,8.3,1009.8
"2023-04-05",30.7,24,37.6,0,108,5.7,1009.9
"2023-04-06",27.3,23,36.2,1.3,108,4,1010.9
"2023-04-07",28.7,23.2,35.5,1.3,107,6.3,1012.9
"2023-04-08",29.2,23.3,33.7,0,69,7.1,1015
"2023-04-09",30,24,35,0,94,6.5,1015.2
"2023-04-10",31.1,22,35.7,0,85,6.4,1013.7
"2023-04-11",31,23.4,37,0,82,4.5,1012.3
"2023-04-12",32.1,23.9,37.7,0,70,2.3,1009.7
"2023-04-13",33.6,26.4,38.2,0,67,2.3,1009.5
"2023-04-14",28.6,20.3,38.9,19.1,356,4.3,1010.4
"2023-04-15",28.7,23.3,36.5,2,333,6.6,1010.3
"2023-04-16",30.6,24.6,37,0,359,2.1,1007.5
"2023-04-17",31.6,24.2,37.8,0,12,2.3,1007.5
"2023-04-18",32.2,23.8,39,0,62,3.8,1009.8
"2023-04-19",33.8,25,39.4,0,47,4.1,1008.4
"2023-04-20",33.4,27,39.4,0.3,76,5.8,1005.5
"2023-04-21",29.9,25,38,5.2,55,7.7,1007
"2023-04-22",31.2,23.8,36.2,1,161,6.1,1006.4
"2023-04-23",30.1,24,37,0,96,8.8,1006.8
"2023-04-24",30.1,23.2,37.2,0.5,118,9.3,1008.4
"2023-04-25",29.2,21,36,17.5,130,10.4,1010.9
"2023-04-26",28.3,20.3,36,32,142,6.7,1010.5
"2023-04-27",28.9,24,33.5,0,93,7.8,1010.3
"2023-04-28",28.4,25,32.2,0,83,5.4,1010.7
"2023-04-29",26.6,21,32.8,56.9,111,5.2,1010.6
"2023-04-30",26.3,20,31.9,0,165,5.6,1008.2
"2023-05-01",24.8,19.6,32.2,67.1,108,9.1,1009
"2023-05-02",26.3,22.8,30.4,3,138,6.5,1009.4
"2023-05-03",27.9,22.6,32,0,128,6.9,1010
"2023-05-04",27.5,22.8,32.4,0.4,122,4.7,1008.6
"2023-05-05",27.5,24.1,32.7,3,130,4,1006.8
"2023-05-06",28.3,23.7,33.3,0,53,2.7,1006.2
"2023-05-07",30.5,24.5,34,0,350,3.2,1006.4
"2023-05-08",30.7,25.4,35.8,0.5,29,4.6,1006.3
"2023-05-09",30.5,27,36.3,1.3,16,4.4,1007.1
"2023-05-10",31.2,27.8,36.7,0,0,2.1,1005
"2023-05-11",31.4,26.8,36.6,0,94,3.5,1008.1
"2023-05-12",32,25,38.7,0,345,2.4,1005.1
"2023-05-13",32.1,25.2,39.4,0,321,3,1004.4
"2023-05-14",34.2,26.4,39.7,0,310,6.2,1003.7
"2023-05-15",33.3,28.6,39.7,0,309,8.4,1006.3
"2023-05-16",32.9,26.5,39.8,0,302,8,1008.5
"2023-05-17",32.7,27.2,39.1,0,310,5.9,1008.6
"2023-05-18",32.6,27.5,40.2,0,317,5.3,1010.3
"2023-05-19",34,26.5,40.5,0,357,4.9,1008.7
"2023-05-20",32.9,27.4,40.6,0,116,7.9,1008.3
"2023-05-21",32.6,27.4,40,0.1,185,7.2,1008.8
"2023-05-22",30.3,21.6,40.3,15,68,5,1010.4
"2023-05-23",31.3,26.3,37.2,0,182,5.1,1010.6
"2023-05-24",31.9,26.8,38.2,0,285,7,1009.4
"2023-05-25",31.9,28,39,0,273,8.1,1009.7
"2023-05-26",31.7,28,37.4,0,303,8.4,1009.8
"2023-05-27",32.3,27.9,38,0,311,8,1008.6
"2023-05-28",32.8,26.6,39.1,0,326,6.1,1007.5
"2023-05-29",33.3,28.5,39.4,0,6,5.1,1008.2
"2023-05-30",28.8,26,39.6,0,87,6.7,1009.5
"2023-05-31",31.2,26,38.2,0,133,6.5,1008.2
"2023-06-01",32.5,25.8,39.6,0,344,5.8,1007.4
"2023-06-02",34.5,28.4,40.6,0,345,7.2,1006.8
"2023-06-03",34.5,30,41,0,336,7.2,1006.4
"2023-06-04",30.1,25,42.4,0.3,286,9.7,1007
"2023-06-05",31.6,24.5,38.1,0.3,302,8.4,1006.5
"2023-06-06",33.1,27.1,39.2,0,300,7.9,1005.4
"2023-06-07",32.4,28.7,39.6,0,281,10.5,1005.4
"2023-06-08",32.6,27,40,0,295,9.3,1005.7
"2023-06-09",32.4,27,39.7,0,294,12.7,1004.4
"2023-06-10",32.5,27,39.7,0.2,275,13.9,1004
"2023-06-11",30.4,26,39.2,0,267,15.1,1004.8
"2023-06-12",32.5,26.5,37.8,2,264,10.9,1004.1
"2023-06-13",33.2,26.8,38.8,0,265,12.6,1004.6
"2023-06-14",33.3,27,39.4,0,267,14.8,1006
"2023-06-15",33.1,26.9,39.1,0,273,13.6,1006.3
"2023-06-16",32.9,28,38.8,0,266,12,1005.9
"2023-06-17",32.9,27,39.4,0,281,14.7,1006
"2023-06-18",33.4,28,39,0,288,11.4,1005.5
"2023-06-19",32,28.6,39.2,0,293,10.2,1004.6
"2023-06-20",32.6,28.8,37.8,0,282,9.7,1003.6
"2023-06-21",30.7,24,38.8,0,260,10,1004.7
"2023-06-22",29.4,23.6,38.9,23.1,266,10.5,1005.6
"2023-06-23",28.3,25,36,0,259,9.6,1005.5
"2023-06-24",26.7,22.6,33.2,13,255,10.5,1005.6
"2023-06-25",26.6,22.5,31.8,40.9,255,11.7,1004.9
"2023-06-26",26.8,24.5,30.8,0.8,265,13.6,1005.9
"2023-06-27",26.9,24,31.2,0,267,13.1,1005.6
"2023-06-28",28.3,24.3,31.8,0,262,12.2,1007
"2023-06-29",27.9,24.3,32.8,0,260,12,1007.2
"2023-06-30",29.1,23.9,33.6,0.3,256,14,1006.9
"2023-07-01",29.5,24.6,34.4,0,277,14.2,1007.1
"2023-07-02",28.9,25,35,0,274,10.7,1006.5
"2023-07-03",29.2,23.8,34.4,3,275,11.1,1005
"2023-07-04",28.8,25.6,34.4,0,258,9.7,1002.6
"2023-07-05",27.3,23,33.7,23.9,259,8.1,1001.4
"2023-07-06",26.8,23.3,31.8,0,255,10.8,1002
"2023-07-07",27,23,31,0,248,11.8,1006
"2023-07-08",27.1,22,31.9,1,241,12.5,1007.3
"2023-07-09",28.5,24.1,32.6,0.3,249,12.9,1007.4
"2023-07-10",29.3,23.7,33.1,9.9,248,10.7,1007
"2023-07-11",25.8,22.6,32.9,0.3,276,9.9,1006.9
"2023-07-12",25.4,21.9,28.9,14,273,6.3,1006.4
"2023-07-13",28.1,23.8,31.8,0.8,259,6.1,1006
"2023-07-14",28.9,24.4,33,0,252,8.6,1006.8
"2023-07-15",27.2,24.6,33.5,5.4,274,10.9,1007.1
"2023-07-16",26.7,23.4,30.4,2,284,10.2,1006.2
"2023-07-17",26.2,23.4,29.9,0.3,269,14.6,1005.7
"2023-07-18",23.4,22.1,29.6,8.9,259,16.8,1004.2
"2023-07-19",23.6,21.9,24.7,23.1,261,15.7,1002.3
"2023-07-20",22.6,21.8,24,42.9,258,15.5,1002.7
"2023-07-21",24.1,22.1,26.2,65,270,13.5,1003.6
"2023-07-22",25.1,22.7,26.8,13,258,11.5,1004.8
"2023-07-23",25.2,23.4,27.6,1,247,11.7,1005.5
"2023-07-24",25.2,23,28,0.8,255,12.6,1005
"2023-07-25",24,22.1,28.9,49,275,12.5,1005.6
"2023-07-26",24,22.2,26.2,15,270,13.7,1005.7
"2023-07-27",23.3,21.8,25.4,47,266,16.7,1005.7
"2023-07-28",24.8,21.7,27,10.9,264,13.2,1006.6
"2023-07-29",26.4,23.2,29,0.3,272,13.6,1007.2
"2023-07-30",26.6,23.2,29.8,0,271,13,1007.1
"2023-07-31",25.9,23,30.4,3,275,12.2,1006.6
"2023-08-01",26.4,22.1,30.9,37.1,264,12.9,1006.4
"2023-08-02",26.4,23.2,29.8,0,264,14.8,1006.6
"2023-08-03",26.3,23.5,28.6,0.1,257,15.7,1006.4
"2023-08-04",27.7,23.3,31.2,0,262,12.8,1007.9
"2023-08-05",27.9,23.5,32.6,0,262,12.2,1009.6
"2023-08-06",27.9,23.5,32.5,3,260,12.8,1008.8
"2023-08-07",27.4,23.2,32.2,0,266,12.8,1007.7
"2023-08-08",27.4,23.5,31,0,271,12.5,1008.2
"2023-08-09",26.8,24,31.4,0.1,285,8.9,1010.2
"2023-08-10",27.3,24.5,32,0,301,7.2,1010.6
"2023-08-11",28.6,24.9,32.8,0.2,316,6.9,1009.8
"2023-08-12",26.4,24,32.8,0.2,303,7.1,1009.4
"2023-08-13",27.7,25,31.4,0,286,8.9,1008.3
"2023-08-14",27.4,23.8,31.9,0,301,6.2,1009
"2023-08-15",27.1,22,31.6,1,290,6.8,1009.2
"2023-08-16",27.6,24.4,32,0,322,7.9,1009.4
"2023-08-17",27.4,24.7,32.4,2.6,310,8.5,1008.7
"2023-08-18",25.3,23.8,30.8,4.3,291,10.1,1007.4
"2023-08-19",23.8,22.2,28.8,5.1,283,7.3,1005.6
"2023-08-20",26.2,23,29.4,0.3,267,9.4,1006.9
"2023-08-21",27.4,23.4,31.2,2,303,7.2,1007.3
"2023-08-22",27.7,24.4,32.3,0,294,5.7,1007.7
"2023-08-23",27.7,25,32,0,287,6.6,1007.3
"2023-08-24",27.8,24.4,32.8,0,286,7,1007
"2023-08-25",29,24.6,32.4,1.2,275,11.2,1007.3
"2023-08-26",27.7,24,33.8,1.4,279,8.4,1008.5
"2023-08-27",28.1,24.6,33,0,289,9.5,1009
"2023-08-28",27.2,23.1,34.1,5.1,286,8.4,1009
"2023-08-29",27.3,23.4,32.6,2,302,6.8,1008.9
"2023-08-30",28.7,23.2,32.3,0,349,6.6,1008.9
"2023-08-31",29.1,22.8,33.1,0,343,5.8,1008.8
"2023-09-01",29.8,24.5,34.2,0.5,354,5,1008.4
"2023-09-02",29.5,25.4,34.2,0.2,281,5.7,1007.8
"2023-09-03",24.8,22.5,34.6,29,292,7.9,1007.2
"2023-09-04",23.6,22,27.8,0.5,303,7.8,1005.5
"2023-09-05",24.3,21.5,26,86.1,285,10,1004.3
"2023-09-06",25.2,22.8,27.2,22.1,271,8.8,1004.6
"2023-09-07",25.7,22.1,29.3,46,275,11.8,1005.2
"2023-09-08",25.3,23.6,29.3,0.5,254,12.7,1005.9
"2023-09-09",25.1,23,28,2,258,10.8,1005.9
"2023-09-10",24.4,23,29.5,11.9,287,10,1006.1
"2023-09-11",26.8,22.5,30,26.9,291,9,1006.1
"2023-09-12",26.2,23,30.9,2,300,7.1,1006.9
"2023-09-13",26.8,23.1,30.1,3,303,7.2,1006.9
"2023-09-14",25.9,23,30.7,0,303,8.2,1006.6
"2023-09-15",27.3,21.6,30.6,7.1,275,10.9,1006.4
"2023-09-16",26.6,23,31.2,0,277,9.9,1007.1
"2023-09-17",27.5,22.9,31.4,2,275,9.5,1006.9
"2023-09-18",28,23.5,31.9,0,289,7.2,1007.1
"2023-09-19",28.6,23.6,32.2,0,285,6.1,1008.6
"2023-09-20",28.4,24.4,32.6,1.8,280,9.1,1008.3
"2023-09-21",26.1,24,32.7,7.1,280,6.8,1009.1
"2023-09-22",25.3,22.1,29,27.9,273,6.2,1009.1
"2023-09-23",26.8,23.3,30.2,0,281,5.3,1009.3
"2023-09-24",26.1,24,30.8,0,285,7.8,1009.1
"2023-09-25",25.2,23,29.6,0.3,302,6.4,1008.3
"2023-09-26",26.8,22.5,30,13,300,3.5,1008.1
"2023-09-27",27,23,32.2,0,302,4,1007.8
"2023-09-28",26.8,23,33,22.1,260,4.5,1008.1
"2023-09-29",27.6,22.5,33.5,35.1,246,5,1007.3
"2023-09-30",26.9,23,32,0,235,6.9,1007.9
"2023-10-01",27.2,23.7,31.2,0,240,8.4,1007
"2023-10-02",27.1,23.7,30.7,0,282,6.6,1007.1
"2023-10-03",27.5,25,31,0,303,6.6,1008.4
"2023-10-04",27.5,23,32.4,0,317,4.8,1009.9
"2023-10-05",27.7,21.4,33,0,317,5.2,1010.3
"2023-10-06",26.5,21.3,32.2,0,307,5.7,1009.6
"2023-10-07",26.9,21.4,33.2,0,315,4.3,1009.7
"2023-10-08",27.1,21,33,0,359,5.3,1011
"2023-10-09",27.7,22.6,33.2,0,1,3.3,1012.7
"2023-10-10",27.8,23.2,33,0,26,5.1,1012.3
"2023-10-11",28,23.4,33.2,0,51,5.3,1012.5
"2023-10-12",27.4,22.6,33,0,78,4.3,1012.7
"2023-10-13",27.5,22,33,0,74,5.2,1014.4
"2023-10-14",27.3,23,32,0,59,5,1014.2
"2023-10-15",27.6,22.9,33.2,0,83,4.6,1012.7
"2023-10-16",27.7,23.6,32,0.3,90,5.6,1012.7
"2023-10-17",27.5,23,32.2,0,60,3.9,1013
"2023-10-18",26.9,21,32.8,0,56,4.2,1014
"2023-10-19",26.8,21,32.8,0,67,5.3,1014.3
"2023-10-20",27,22.6,32.4,0,64,5.4,1014.2
"2023-10-21",26.6,22.8,32.4,0,57,4.9,1014.6
"2023-10-22",26.2,21.8,32.2,0,43,5.8,1015.1
"2023-10-23",25.1,19.8,31.4,0,18,4.2,1014
"2023-10-24",24.8,19.2,32.2,0,21,4.6,1013.9
"2023-10-25",24.3,18.5,31.6,0,27,5,1015.4
"2023-10-26",24.5,18.6,30.8,0,27,6.1,1015.4
"2023-10-27",24.2,17.3,31.4,0,NA,6.1,1014.7
"2023-10-28",25.4,18.8,32,0,76,5,1014.4
"2023-10-29",26.2,21.6,30.8,0,73,5.7,1013.9
"2023-10-30",25.8,22,31,0.7,67,4,1014.1
"2023-10-31",25.6,21.6,30.6,0,63,5.7,1014.7
"2023-11-01",25.7,21.9,30,0,67,4.5,1014.9
"2023-11-02",26.4,22.9,31,0,63,5.1,1014
"2023-11-03",26.7,24,30.2,0.4,81,4.3,1012
"2023-11-04",26.6,23,30.8,0.1,74,4.9,1012.5
"2023-11-05",25.5,22,29.6,0,64,4.1,1013.8
"2023-11-06",25.9,21.8,30,1.2,97,4.9,1014.1
"2023-11-07",25.6,23,31,7.3,90,6,1014.3
"2023-11-08",25.5,22.5,30,2.2,84,5.5,1014.7
"2023-11-09",26.6,21.8,30.4,0,94,5.9,1014.8
"2023-11-10",26.3,22,30.6,0,90,5.8,1016.3
"2023-11-11",26,20,31.7,0,82,5,1016.5
"2023-11-12",25.7,20,32,0,61,6.1,1016.1
"2023-11-13",25.3,20,31,0,82,3.8,1015.8
"2023-11-14",25.5,22,29,0,64,4.3,1015.5
"2023-11-15",24.9,19,30,0,18,5.2,1014.9
"2023-11-16",24.5,19.5,30.8,0,24,5.3,1015
"2023-11-17",24.4,18.6,31,0,46,3.7,1014.8
"2023-11-18",25.4,20.8,30.8,0,73,5.5,1014.5
"2023-11-19",25.1,22,30,0,85,5.4,1015
"2023-11-20",25.1,20.8,30,0,67,5.3,1015.4
"2023-11-21",24.6,21.1,28.6,0,65,5.5,1014.6
"2023-11-22",25.8,20,30.6,0.5,84,6,1013.6
"2023-11-23",22.8,21,24.3,2.9,90,5.4,1013.3
"2023-11-24",23.5,21,26.4,18.9,105,7.3,1013.8
"2023-11-25",24.4,21,28,0,105,6.7,1015.5
"2023-11-26",25.1,22.6,28.3,0,111,6.5,1015.7
"2023-11-27",24.7,21,28.2,0,121,7.5,1014.5
"2023-11-28",25.3,22,31,0,121,8.1,1013.1
"2023-11-29",24.7,21,29,0,110,8.5,1014.1
"2023-11-30",24.8,22,29,0,118,6.8,1014.3
"2023-12-01",24.7,21,30.2,0,102,6.3,1014
"2023-12-02",25.2,20,30.2,0,108,8.7,1013.1
"2023-12-03",25.1,19,29.6,0,67,5.3,1013.1
"2023-12-04",23.9,22,27,1.5,48,6.6,1011.9
"2023-12-05",21.9,20,27.5,0.5,20,9.7,1009.8
"2023-12-06",22.6,20,26,3,335,8,1010.9
"2023-12-07",21.3,19,26.5,0,350,4.9,1013.6
"2023-12-08",22.8,16,29.4,0,48,4.4,1014.4
"2023-12-09",23.4,16,30,0,56,4.4,1015.3
"2023-12-10",22.6,16,29,0,29,4.1,1014.4
"2023-12-11",21.9,16,28.5,0,54,4.3,1014.9
"2023-12-12",22.4,15,29,0,69,5.5,1013.9
"2023-12-13",22.6,17.4,26.6,0,71,5.1,1014.9
"2023-12-14",21.7,14,27,0,86,4.9,1016.7
"2023-12-15",21.8,13,27.6,0,90,4.8,1017.1
"2023-12-16",22,18,26.4,0,79,4.7,1016.4
"2023-12-17",22.3,17,27,0,79,5.8,1016.1
"2023-12-18",22.2,17.2,26.6,0,56,6.3,1017.3
"2023-12-19",21.9,18,26.6,0,48,6.1,1017.8
"2023-12-20",21.4,16,27.2,0,51,4.4,1017.5
"2023-12-21",20.5,13,28.2,0,50,2.7,1016.4
"2023-12-22",20.5,11,29.2,0,70,3.1,1016.5
"2023-12-23",21,13,27.4,0,94,4.7,1017.5
"2023-12-24",21.3,14,27.6,0,90,4.2,1018.8
"2023-12-25",21.5,14,29,0,87,3,1019.1
"2023-12-26",22.2,15,28,0,102,3.3,1018.2
"2023-12-27",22.6,17,28.6,0,101,4.7,1018.6
"2023-12-28",22.1,16,27.6,0,91,5.1,1017.7
"2023-12-29",22,18,27.3,0,105,6,1017.7
"2023-12-30",22.5,15,29,0,88,4.4,1017.1
"2023-12-31",22.1,14,28,0,95,5.3,1016.2
"2024-01-01",22.2,15,28,0,99,5.8,1016.5
"2024-01-02",21.7,16,27,0,94,6.2,1016.1
"2024-01-03",22.4,17,27,0,115,6.6,1015.1
"2024-01-04",22.7,19,28,0,109,7.2,1014.9
"2024-01-05",22.8,18,28.2,0,122,6.7,1015
"2024-01-06",22.8,18,29,0,113,7.3,1015.4
"2024-01-07",22.5,19,27,0,106,8.5,1016.2
"2024-01-08",22.9,18,28,0,107,8.5,1016.9
"2024-01-09",23.1,19.6,27,0,113,7.8,1017
"2024-01-10",23.4,20,29,0,103,5.4,1016.4
"2024-01-11",24.3,18,30,0,92,4.8,1016.6
"2024-01-12",24.5,17,30.2,0,105,5,1016.1
"2024-01-13",24.8,18,31,0,33,3.6,1016.2
"2024-01-14",25.2,18,33,0,335,2.4,1015.5
"2024-01-15",24.7,18,31.2,0,341,3.2,1014.6
"2024-01-16",24.7,18,31,0,113,6.2,1013.1
"2024-01-17",24.6,19,31,0,124,6.7,1012.2
"2024-01-18",24.2,19,31,0,132,7.3,1014.2
"2024-01-19",24.3,17,31,0,128,5.1,1014.6
"2024-01-20",24.2,20,30,0,113,7.6,1015.5
"2024-01-21",24.9,19,31,0,131,6.7,1015.5
"2024-01-22",25,20,31,0,126,6.9,1016.2
"2024-01-23",25.5,20,31,0,147,6.9,1014.5
"2024-01-24",25.3,21.6,31,0,115,6.2,1014.5
"2024-01-25",23.8,20,28.8,0,76,6.7,1017
"2024-01-26",23.6,17,29.4,0,89,6,1018.6
"2024-01-27",23.7,20,28.4,0,89,5,1018.8
"2024-01-28",23.3,16,29.2,0,98,5.3,1018.5
"2024-01-29",23.1,16,28.6,0,112,6,1017.6
"2024-01-30",23.7,16,30,0,112,5.3,1016.2
"2024-01-31",24.7,19,31.4,0,132,5.5,1015.4
"2024-02-01",24.8,19,32,0,142,4.8,1015.2
"2024-02-02",25.5,19,32,0,138,4.2,1015.3
"2024-02-03",25.5,22,30,0,79,7.8,1016.7
"2024-02-04",25.6,19,31.2,0,86,5.8,1017.8
"2024-02-05",27,22,33.6,0,127,4.6,1016.6
"2024-02-06",27.9,21,34,0,129,5.4,1016.7
"2024-02-07",28.3,20,35.4,0,153,4.2,1016.1
"2024-02-08",27.7,22,34.5,0,37,5.1,1015.8
"2024-02-09",26.4,19,33,0,96,6.7,1016.2
"2024-02-10",26.3,22,32,0,126,8.5,1016.6
"2024-02-11",26,22,31,0,122,7.6,1016.9
"2024-02-12",25.3,20,31.4,0,120,9,1017.1
"2024-02-13",25.5,19,33,0,124,8.1,1016.9
"2024-02-14",26.1,20,32.4,0,126,7.3,1016.1
"2024-02-15",25.6,19,31,0,113,7.6,1016
"2024-02-16",25.3,15,31.4,0,116,7.8,1016.9
"2024-02-17",26.1,15,34,0,126,5.5,1015.4
"2024-02-18",26.6,16,34.2,0,117,4.8,1013.9
"2024-02-19",26.8,19.8,34,0,124,6.1,1013.8
"2024-02-20",27.1,18,34.2,0,170,5.9,1013.6
"2024-02-21",28.1,22.2,35,0,152,5.7,1012
"2024-02-22",27.3,21,34,0,341,5,1012.3
"2024-02-23",26.8,21,33,0,17,6.5,1012.9
"2024-02-24",27.2,23,32.8,0,115,7.9,1012
"2024-02-25",26.9,23,32,0.3,126,8.4,1012.5
"2024-02-26",26,22,30,0,113,11,1014.1
"2024-02-27",26.9,21,34,0,118,8.5,1014.6
"2024-02-28",27.4,21,33,0,114,5.4,1013
"2024-02-29",28.1,22,33,0,122,6.2,1013.7
"2024-03-01",29,23.8,34.2,0,111,6.6,1013.8
"2024-03-02",29.7,24.2,37,0,153,6.7,1013
"2024-03-03",29,24.4,34.8,0,153,6,1012
"2024-03-04",28.4,21,35,0,123,6.8,1012.4
"2024-03-05",28.4,23,35.2,0,112,7.2,1013.1
"2024-03-06",30.1,24.8,37,0,138,6.3,1011.2
"2024-03-07",30.2,24,36.2,0,62,4.4,1010.2
"2024-03-08",29.7,24,36.2,0,71,4.9,1010.1
"2024-03-09",29.4,23,35,0,83,5.3,1011.4
"2024-03-10",28.7,23,35,0,118,7.3,1012.3
"2024-03-11",29.1,25,35,0,128,5.1,1013.1
"2024-03-12",30.4,24,37,0,139,5.4,1012.9
"2024-03-13",31.6,26,37.4,0,173,6.1,1010.4
"2024-03-14",30.4,25,36.6,0,69,6.1,1012.4
"2024-03-15",29.3,24,35.2,0,105,6.9,1009.5
"2024-03-16",28.6,23,34,0.4,120,9.1,1011.2
"2024-03-17",27.9,24,33,6.8,109,9.7,1012.6
"2024-03-18",28.7,24,34,0.1,110,6.6,1012
"2024-03-19",29.4,25.8,34,0,104,6.9,1011.3
"2024-03-20",26.8,23,31.4,0,88,8.5,1013.1
"2024-03-21",27.7,22,34,0,114,6.4,1012
"2024-03-22",29.1,22,36,0,108,5.9,1010.3
"2024-03-23",30.3,23,37.2,0,125,6.2,1009.8
"2024-03-24",31,26.6,37,0,133,6,1011.3
"2024-03-25",30.3,25.8,37,0,130,5.7,1011.7
"2024-03-26",30.9,25.6,37.6,0,122,5.6,1011.5
"2024-03-27",30.6,25,38,0,121,6.2,1013.7
"2024-03-28",32,24,39,0,130,5.5,1013.6
"2024-03-29",32.9,26.2,40,0,143,7.5,1011.5
"2024-03-30",33,26.6,39,0,137,7.7,1013.2
"2024-03-31",31.8,26,37,0,119,7,1014.2
"2024-04-01",32.7,25,40,0,123,6,1011.5
"2024-04-02",32.9,26,40,0,106,6.1,1009.4
"2024-04-03",33.1,27,39,0,116,6.2,1009.3
"2024-04-04",33.4,27,40,0,119,5.6,1009.6
"2024-04-05",33.9,28,40,0,96,3.6,1008.8
"2024-04-06",34,27,41,0,101,5.5,1008.2
"2024-04-07",34.5,28.4,40,0,165,5.7,1006.2
"2024-04-08",31.8,27.8,36.2,0,117,9.1,1007.6
"2024-04-09",30,25.6,35,0,129,10.8,1011
"2024-04-10",30.8,25.6,36,0,132,6.9,1008.5
"2024-04-11",30,25,34.2,0,116,9.5,1011.5
"2024-04-12",30.7,24.9,35.6,0,118,7.9,1010.7
"2024-04-13",29.6,25.4,34.6,0,100,7.7,1012
"2024-04-14",31.7,26.4,37.4,0,114,7,1011.5
"2024-04-15",33,27,39,0,113,6.2,1011.7
"2024-04-16",33.7,27.3,39,0,123,6.5,1011.3
"2024-04-17",33.5,27.7,39,0.2,107,5,1010
"2024-04-18",33,27,40.3,0,12,5.8,1009
"2024-04-19",33.9,28.3,40.8,0.8,282,6.9,1006.5
"2024-04-20",31,26,40.2,0,318,5.1,1007.7
"2024-04-21",33.3,25.9,38.8,0.3,343,4.6,1007.7
"2024-04-22",34,27.3,39.8,0,86,7,1008.9
"2024-04-23",32.9,27,39.6,0,106,7.3,1008.2
"2024-04-24",33.1,27.6,40,0,138,5.7,1007.9
"2024-04-25",34.3,27.2,40.6,0,102,5.7,1007.8
"2024-04-26",35.3,28,42,0,139,6.4,1006.8
"2024-04-27",34.7,29,41,0,107,5,1007.4
"2024-04-28",35.6,29.6,42,0,121,5.9,1007.4
"2024-04-29",35.2,29.6,41.2,0,129,5.6,1008.4
"2024-04-30",35.7,29.5,42,0,135,6.3,1006.9
"2024-05-01",35.1,30.1,40,0,287,6.6,1005.8
"2024-05-02",34.8,30.2,42,0,337,5.2,1005.2
"2024-05-03",35,27.8,43.4,0,332,4.7,1003.7
"2024-05-04",35.2,29,42,0,87,4,1006.3
"2024-05-05",34.7,28,42,0,94,5.5,1005.6
"2024-05-06",34.9,28.8,41.4,0,86,5.6,1005.9
"2024-05-07",31.1,22,40,0,140,8,1008.2
"2024-05-08",29.9,23.4,36,0,162,8.9,1009
"2024-05-09",30.7,27,36,0.1,149,6.5,1008.4
"2024-05-10",30.2,26,36.6,0,135,6.2,1009.3
"2024-05-11",31.6,27,36.2,0,118,6.1,1010.1
"2024-05-12",31.5,27,37,0,139,6.7,1010.2
"2024-05-13",30.5,23.5,37.8,0.3,109,6.5,1009.8
"2024-05-14",32.1,27.3,36.4,0,106,6.7,1009.6
"2024-05-15",31,25.2,36,0.1,97,5.9,1010.2
"2024-05-16",28.5,23,35,0.6,101,7.2,1010.7
"2024-05-17",27.5,23.4,31,0.9,98,5.5,1009.6
"2024-05-18",27.8,24.5,32,0,122,4.7,1007.9
"2024-05-19",28.3,24.7,33.4,0,143,4.3,1006.3
"2024-05-20",28.8,25,34.8,2,149,3.2,1005.9
"2024-05-21",31.8,25.6,36,9.9,142,5.5,1003.1
"2024-05-22",32.1,27.2,36.4,0,116,5.3,1002.9
"2024-05-23",31.2,23.1,36.8,1,115,5,1001.4
"2024-05-24",33.7,26.9,39,0,255,6,1000.1
"2024-05-25",32.9,28,38.4,0.2,270,10.7,999.2
"2024-05-26",31.6,28,40,0,265,10.3,999.8
"2024-05-27",32.1,28,37,0,273,12.7,999.9
"2024-05-28",32.6,27,38.8,0,259,13.2,1000.4
"2024-05-29",33.4,27,39,0,259,12.4,1000.8
"2024-05-30",33.7,29,39.8,0,283,8,1001.7
"2024-05-31",34.4,30,40.8,0,301,8.6,1003.8
"2024-06-01",34.5,31,39,0,337,5.6,1002.9
"2024-06-02",31.7,25.4,39.8,1.4,271,8.9,1004.8
"2024-06-03",28,24.4,32.2,0.3,236,6.9,1007.3
"2024-06-04",29.3,26,34,12.3,255,5.1,1006.5
"2024-06-05",28.8,24.6,36,3,278,5.6,1007.7
"2024-06-06",28,24.5,36.1,3,284,7,1008.3
"2024-06-07",27.8,24,34.9,7.1,270,5.5,1007
"2024-06-08",26.5,23.9,33.3,0.3,238,5.3,1005.3
"2024-06-09",27.3,23.8,33,14,206,5.7,1005.3
"2024-06-10",28.2,24.6,33.4,0,267,7.6,1005.1
"2024-06-11",26.7,23,34,0.5,270,9.7,1005.7
"2024-06-12",28.4,23,32,2,275,10.2,1005.7
"2024-06-13",28.4,23.7,33.2,0,265,10,1005.6
"2024-06-14",29.1,23.7,33.7,10.9,272,10.3,1006.4
"2024-06-15",30.1,25,33.4,0,269,12.5,1005.7
"2024-06-16",29.9,26,34,0,253,9,1006.2
"2024-06-17",28.2,24.8,35.6,0,254,6.4,1005
"2024-06-18",30.4,24.2,35.9,19.1,269,8.2,1005.5
"2024-06-19",29.4,26,34.7,0,256,11.6,1004.6
"2024-06-20",29.7,25.4,33.4,0.8,261,13.4,1004.2
"2024-06-21",28.3,25,31,0,259,12.7,1004.5
"2024-06-22",26.8,24.8,32.5,0,276,6.9,1001.2
"2024-06-23",27.9,24,33,4.1,269,3.8,1001
"2024-06-24",28.8,23.8,33.2,15,234,6,1001
"2024-06-25",29.1,24.9,32.4,0,242,6.5,1000
"2024-06-26",29.4,26,34.2,8.2,245,11.3,1000.1
"2024-06-27",26.8,24,34.6,0,244,11.2,1002
"2024-06-28",26.9,23.5,32.1,9.9,263,11,1003.7
"2024-06-29",27.5,24.8,31,4.1,249,11.5,1005.5
"2024-06-30",26.4,24,31.6,0,242,10.2,1006.1
"2024-07-01",27.4,23.4,30.2,8.9,244,10.4,1005.5
"2024-07-02",28.4,22.6,32.2,0,253,13.3,1003.8
"2024-07-03",28.2,21.9,33.6,7.9,251,12,1004.6
"2024-07-04",29.3,25,32.8,0,253,12.8,1005.7
"2024-07-05",27.9,24,33,2.5,248,13.9,1004.5
"2024-07-06",26.1,24,30,1.5,247,12.4,1002.6
"2024-07-07",27,23.8,31,7.9,256,12.4,1003.1
"2024-07-08",26.2,24,29.4,10,264,6.9,1002.9
"2024-07-09",27.2,24.5,30.1,0,253,9,1003.9
"2024-07-10",28.7,24,32,0.3,245,10.6,1006.4
"2024-07-11",28.1,25,33.4,0,267,11.6,1005.4
"2024-07-12",26.9,24,34.5,6.1,262,11.3,1004.6
"2024-07-13",27.1,24,32.2,0,260,14.3,1004.3
"2024-07-14",25.6,23.2,28.2,21.6,254,13.6,1002.3
"2024-07-15",25.2,22.6,29.1,63,262,10.4,1001.2
"2024-07-16",26.9,23.6,30,0.5,260,11.6,1001.3
"2024-07-17",26.9,23.6,30.7,0.8,263,14,1002.2
"2024-07-18",26.5,23,30.8,0,264,13.6,1002.9
"2024-07-19",25.6,23.1,29.4,15,264,15.1,1001.9
"2024-07-20",23.5,22.2,28.2,8.9,260,14.8,1002
"2024-07-21",24.1,22.5,25.6,0,253,11.6,1002.3
"2024-07-22",26.3,23.1,28.4,7.1,254,14.1,1003.8
"2024-07-23",25.2,23.4,29.5,0.3,262,15.1,1005.3
"2024-07-24",24.3,24,27.8,0.5,262,16.7,1003.7
"2024-07-25",23.8,22.6,26.6,5.1,260,14.4,1001.7
"2024-07-26",25.9,22.7,28,8.9,260,14.4,1001.8
"2024-07-27",25.8,24,29,0,268,14.9,1001.2
"2024-07-28",26.6,24,29,0.8,265,13,1000.9
"2024-07-29",27,23.9,30.2,1,254,11.1,1000.9
"2024-07-30",27.6,24,31.6,1,257,11.4,1003.2
"2024-07-31",28.8,24.4,32.4,0,268,12.8,1005.7
"2024-08-01",27.1,25,29.4,2.5,264,13.4,1005.8
"2024-08-02",27.4,24.5,30.3,0.5,260,15.4,1005.7
"2024-08-03",27.7,24,30.8,0,256,13.3,1006.3
"2024-08-04",27,25,30.6,1.9,256,12,1006.3
"2024-08-05",27.9,24.6,32,0.8,267,9.5,1006.8
"2024-08-06",26.1,24,32.9,1,271,9.1,1006.2
"2024-08-07",25.2,24,29.6,2,276,8,1006.7
"2024-08-08",26,22.2,29,17,287,6.1,1007.1
"2024-08-09",27.6,23.4,31.2,5.1,301,8.2,1008.7
"2024-08-10",28.6,23.5,32.2,0.8,292,9.1,1008.5
"2024-08-11",28.1,24.9,32.7,0,297,7.3,1006
"2024-08-12",27.5,23,32,0.4,304,5.4,1007.4
"2024-08-13",28.2,24,32.6,5.1,358,5,1007.5
"2024-08-14",28.6,25.8,31.8,0.3,111,5.3,1006.8
"2024-08-15",28.1,21,33.2,0,106,3.8,1004.9
"2024-08-16",27.2,21.2,33.8,68.1,90,3.6,1005.9
"2024-08-17",28.5,23.7,33.4,21.1,61,4.7,1005.5
"2024-08-18",28.7,24.7,34,0.5,96,4.5,1006.1
"2024-08-19",26.3,24,33.9,0,51,2.7,1005.9
"2024-08-20",25.9,23,31.2,8.1,102,4.5,1006.9
"2024-08-21",27.4,24.3,32,12.1,96,6.9,1007.3
"2024-08-22",27.1,23.5,32.2,0.3,215,7.7,1007.6
"2024-08-23",26.7,23.8,30.6,0,233,9.9,1007.9
"2024-08-24",25.3,23.2,31,3,232,12.6,1007.6
"2024-08-25",26,22.6,29,1,243,11.7,1006
"2024-08-26",26.6,23.8,29.8,0,245,12.6,1004.7
"2024-08-27",26.7,23.3,31,0,244,9.2,1006.2
"2024-08-28",26.8,23.3,30.2,0.8,247,10.1,1006.6
"2024-08-29",26.2,23.2,31,0,268,9.3,1005.1
"2024-08-30",25.9,22.7,31.2,6.1,286,7.5,1004.9
"2024-08-31",24,22.3,29.4,6.1,283,11.6,1004.7
"2024-09-01",22.8,22.2,24.6,52.1,292,9.4,1004.3
"2024-09-02",22.9,21.4,23.9,42.9,272,9.3,1004.5
"2024-09-03",25.1,22.2,28.5,3,282,8.9,1005.3
"2024-09-04",25.3,22.6,28,32,275,11,1006.9
"2024-09-05",26.4,22.7,30,9.9,285,8.5,1005.6
"2024-09-06",25.8,22.9,30.8,13,295,7.8,1006.4
"2024-09-07",26.2,22.5,30.8,5.1,289,10.3,1006.4
"2024-09-08",25.1,23.4,29.6,0,281,6.9,1006.2
"2024-09-09",25.1,23.6,28.5,4.1,280,11,1004.8
"2024-09-10",26.6,23.6,29,0,261,11.3,1003.2
"2024-09-11",26.9,22.8,29.8,0,248,11.6,1006
"2024-09-12",26.6,24,29.6,0.2,269,10.6,1008.2
"2024-09-13",26.4,23,30,0,282,10.2,1008.9
"2024-09-14",26.5,23.4,30,0,296,10.1,1008.7
"2024-09-15",26.7,23,31.2,0,288,10.9,1008.1
"2024-09-16",26.3,23.5,31.2,0,296,9.9,1008.8
"2024-09-17",26.7,24,30,0,317,8.7,1008.2
"2024-09-18",27,23.4,31,0,316,7,1007.5
"2024-09-19",27.2,23.6,32.8,0,322,5.1,1008.1
"2024-09-20",27.9,24.2,32.1,1.8,316,5.6,1007.8
"2024-09-21",25.7,22,34.2,32,312,7,1008.4
"2024-09-22",27.5,21.4,31,61,325,6.1,1007.9
"2024-09-23",26.6,23.3,32,3,324,3.8,1006.5
"2024-09-24",26.2,23.7,32.4,15,294,4.5,1005.6
"2024-09-25",26.2,23.9,30.9,2,265,5.8,1005.4
"2024-09-26",25.8,23.6,30.6,0.5,235,7.8,1005.9
"2024-09-27",27.3,23.1,30,0,233,10.4,1008.5
"2024-09-28",27.4,24.5,31.8,0.4,231,7.7,1010.5
"2024-09-29",27.9,24.5,32,0.4,185,4.3,1012.4
"2024-09-30",27.8,24.7,32.9,2,192,4.5,1012.1
"2024-10-01",28.3,24,34,0,151,4.4,1010.2
"2024-10-02",28.2,22.3,34.4,18,276,4,1009.8
"2024-10-03",27.3,24,33.6,0,302,6,1009.8
"2024-10-04",27.1,23.3,34.2,0,289,6.7,1010.5
"2024-10-05",25.6,23.2,32.8,4.1,307,5.2,1011
"2024-10-06",26.6,23.5,31,0,54,4.5,1012.1
"2024-10-07",27.3,22.3,32.3,0.8,111,6.3,1013.4
"2024-10-08",27.4,23.9,31.6,0,110,7,1013.7
"2024-10-09",26.9,24.2,30,1.5,119,8.7,1012.2
"2024-10-10",26.2,24,29,2.2,117,8.1,1011.1
"2024-10-11",26.1,23.7,30.6,0,123,9.7,1011
"2024-10-12",27.1,23.7,31,0.5,120,10,1011.6
"2024-10-13",27.6,23.3,32.1,0,115,8.8,1012.2
"2024-10-14",25.9,23,30,0.8,114,5.6,1012.2
"2024-10-15",25.8,23,29,0.6,91,7.5,1011.8
"2024-10-16",26.2,23.8,30,3.9,87,5.9,1011.2
"2024-10-17",26.1,24,29,9.1,96,11.2,1011.2
"2024-10-18",26.7,24.4,30,1.8,106,7.4,1010.5
"2024-10-19",26.7,24,31,1.3,109,6,1011.8
"2024-10-20",26.3,23.9,29,9.8,93,6.9,1013.6
"2024-10-21",26.7,23.8,32,0.8,101,7,1013.5
"2024-10-22",26,23.7,30,2.1,119,5.1,1013.7
"2024-10-23",25.9,21,31,0,19,4.8,1012.7
"2024-10-24",24.7,20.6,30,0,324,5.6,1012.1
"2024-10-25",25.4,20.3,31,0,330,5.2,1010.1
"2024-10-26",25.6,20.6,31.2,0,334,3.6,1008.8
"2024-10-27",25.6,20.1,31.2,0,338,2.5,1008.1
